{
  "HTTP Request-2" : {
    "transaction" : "HTTP Request-2",
    "sampleCount" : 100,
    "errorCount" : 0,
    "errorPct" : 0.0,
    "meanResTime" : 396.59,
    "medianResTime" : 396.5,
    "minResTime" : 357.0,
    "maxResTime" : 452.0,
    "pct1ResTime" : 417.8,
    "pct2ResTime" : 426.0,
    "pct3ResTime" : 451.8599999999999,
    "throughput" : 2.0249473513688647,
    "receivedKBytesPerSec" : 203.20156832172364,
    "sentKBytesPerSec" : 0.4983268872509315
  },
  "HTTP Request-1" : {
    "transaction" : "HTTP Request-1",
    "sampleCount" : 100,
    "errorCount" : 0,
    "errorPct" : 0.0,
    "meanResTime" : 940.4099999999999,
    "medianResTime" : 927.5,
    "minResTime" : 320.0,
    "maxResTime" : 1713.0,
    "pct1ResTime" : 1151.8,
    "pct2ResTime" : 1172.85,
    "pct3ResTime" : 1710.5999999999988,
    "throughput" : 2.0018016214593133,
    "receivedKBytesPerSec" : 3.7475133870483437,
    "sentKBytesPerSec" : 0.24045078070263237
  },
  "Total" : {
    "transaction" : "Total",
    "sampleCount" : 400,
    "errorCount" : 0,
    "errorPct" : 0.0,
    "meanResTime" : 773.4049999999997,
    "medianResTime" : 431.0,
    "minResTime" : 176.0,
    "maxResTime" : 2687.0,
    "pct1ResTime" : 1581.8000000000004,
    "pct2ResTime" : 1737.95,
    "pct3ResTime" : 1813.96,
    "throughput" : 7.852837819266937,
    "receivedKBytesPerSec" : 404.1505928892554,
    "sentKBytesPerSec" : 1.9210311266859061
  },
  "HTTP Request-0" : {
    "transaction" : "HTTP Request-0",
    "sampleCount" : 100,
    "errorCount" : 0,
    "errorPct" : 0.0,
    "meanResTime" : 208.42000000000002,
    "medianResTime" : 207.0,
    "minResTime" : 176.0,
    "maxResTime" : 561.0,
    "pct1ResTime" : 217.9,
    "pct2ResTime" : 222.95,
    "pct3ResTime" : 557.6899999999982,
    "throughput" : 2.0163729483405253,
    "receivedKBytesPerSec" : 1.4315460287534783,
    "sentKBytesPerSec" : 0.24810839012783803
  },
  "HTTP Request" : {
    "transaction" : "HTTP Request",
    "sampleCount" : 100,
    "errorCount" : 0,
    "errorPct" : 0.0,
    "meanResTime" : 1548.2,
    "medianResTime" : 1545.5,
    "minResTime" : 907.0,
    "maxResTime" : 2687.0,
    "pct1ResTime" : 1759.7,
    "pct2ResTime" : 1809.2499999999998,
    "pct3ResTime" : 2680.779999999997,
    "throughput" : 1.9632094548167343,
    "receivedKBytesPerSec" : 202.0752964446277,
    "sentKBytesPerSec" : 0.9605155633429531
  }
}